﻿{
  "bindings": [
    {
      "authLevel": "anonymous",
      "type": "httpTrigger",
      "direction": "in",
      "name": "req",
      "methods": [
        "get",
        "post"
      ]
    },
    {
      "type": "http",
      "direction": "out",
      "name": "res"
    },
    {
      "type": "table",
      "name": "followerTable",
      "tableName": "followers",
      "take": 500,
      "filter": "follows eq '{username}'",
      "connection": "AzureWebJobsStorage",
      "direction": "in"
    }
  ],
  "disabled": false
}