﻿{
  "bindings": [
    {
      "authLevel": "anonymous",
      "type": "httpTrigger",
      "direction": "in",
      "name": "req",
      "methods": [
        "get",
        "post"
      ]
    },
    {
      "type": "http",
      "direction": "out",
      "name": "res"
    },
    {
      "type": "table",
      "name": "userInTable",
      "tableName": "users",
      "partitionKey": "part",
      "rowKey": "{username}",
      "take": 50,
      "connection": "AzureWebJobsStorage",
      "direction": "in"
    },
    {
      "type": "table",
      "name": "userOutTable",
      "tableName": "users",
      "connection": "AzureWebJobsStorage",
      "direction": "out"
    }
  ],
  "disabled": false
}