﻿{
  "bindings": [
    {
      "authLevel": "anonymous",
      "type": "httpTrigger",
      "direction": "in",
      "name": "req",
      "methods": [
        "get",
        "post"
      ]
    },
    {
      "type": "http",
      "direction": "out",
      "name": "res"
    },
    {
      "type": "table",
      "name": "userTable",
      "tableName": "users",
      "partitionKey": "part",
      "rowKey": "{username}",
      "take": 1,
      "connection": "AzureWebJobsStorage",
      "direction": "in"
    },
    {
      "type": "table",
      "name": "tweetTable",
      "tableName": "tweets",
      "connection": "AzureWebJobsStorage",
      "direction": "out"
    }
  ],
  "disabled": false
}