{
  "IsEncrypted": false,
  "Values": {
    "WEBSITE_CONTENTAZUREFILECONNECTIONSTRING": "DefaultEndpointsProtocol=https;AccountName=warble;AccountKey=99FnjeI90SUvJkqtVurXW26PcAICgg0RQJhLaLIqbaWKNOvGzMl1P1LrTBX7mT7/+6AEJNbmp0x2aaIkJUIOng==;EndpointSuffix=core.windows.net",
    "WEBSITE_SLOT_NAME": "Production",
    "FUNCTIONS_EXTENSION_VERSION": "~2",
    "ScmType": "None",
    "WEBSITE_AUTH_ENABLED": "False",
    "REMOTEDEBUGGINGVERSION": "15.0.28307.222",
    "FUNCTIONS_RUNTIME_SCALE_MONITORING_ENABLED": "0",
    "APPINSIGHTS_INSTRUMENTATIONKEY": "780026f1-5cc2-44ce-8ce1-5648f6a2e9a2",
    "WEBSITE_NODE_DEFAULT_VERSION": "10.16.3",
    "AzureWebJobs.test.Disabled": "true",
    "WEBSITE_CONTENTSHARE": "warble94de",
    "WEBSITE_AUTH_AUTO_AAD": "False",
    "AzureWebJobsStorage": "DefaultEndpointsProtocol=https;AccountName=warble;AccountKey=99FnjeI90SUvJkqtVurXW26PcAICgg0RQJhLaLIqbaWKNOvGzMl1P1LrTBX7mT7/+6AEJNbmp0x2aaIkJUIOng==;EndpointSuffix=core.windows.net",
    "FUNCTIONS_WORKER_RUNTIME": "node",
    "WEBSITE_SITE_NAME": "warble",
    "WEBSITE_AUTH_LOGOUT_PATH": "/.auth/logout"
  }
}